;;;HLA-A02:01;;;;;
Pos;Peptide;ID;core;icore;EL-score;EL_Rank;Ave;NB
0;AMDQVPFSV;0_AMDQVPFSV;AMDQVPFSV;AMDQVPFSV;0.9717;0.0126;0.9717;1
0;CMDQVPFSV;1_CMDQVPFSV;CMDQVPFSV;CMDQVPFSV;0.6317;0.2501;0.6317;1
0;DMDQVPFSV;2_DMDQVPFSV;DMDQVPFSV;DMDQVPFSV;0.3489;0.6316;0.3489;1
0;EMDQVPFSV;3_EMDQVPFSV;EMDQVPFSV;EMDQVPFSV;0.6231;0.2583;0.6231;1
0;FMDQVPFSV;4_FMDQVPFSV;FMDQVPFSV;FMDQVPFSV;0.9891;0.0046;0.9891;1
0;GMDQVPFSV;5_GMDQVPFSV;GMDQVPFSV;GMDQVPFSV;0.9452;0.0256;0.9452;1
0;HMDQVPFSV;6_HMDQVPFSV;HMDQVPFSV;HMDQVPFSV;0.9609;0.0183;0.9609;1
0;IMDQVPFSV;7_IMDQVPFSV;IMDQVPFSV;IMDQVPFSV;0.9755;0.0104;0.9755;1
0;KMDQVPFSV;8_KMDQVPFSV;KMDQVPFSV;KMDQVPFSV;0.9796;0.0086;0.9796;1
0;LMDQVPFSV;9_LMDQVPFSV;LMDQVPFSV;LMDQVPFSV;0.9519;0.0226;0.9519;1
0;MMDQVPFSV;10_MMDQVPFSV;MMDQVPFSV;MMDQVPFSV;0.9605;0.0185;0.9605;1
0;NMDQVPFSV;11_NMDQVPFSV;NMDQVPFSV;NMDQVPFSV;0.9148;0.0415;0.9148;1
0;PMDQVPFSV;12_PMDQVPFSV;PMDQVPFSV;PMDQVPFSV;0.2862;0.8022;0.2862;1
0;QMDQVPFSV;13_QMDQVPFSV;QMDQVPFSV;QMDQVPFSV;0.9277;0.0334;0.9277;1
0;RMDQVPFSV;14_RMDQVPFSV;RMDQVPFSV;RMDQVPFSV;0.9526;0.0223;0.9526;1
0;SMDQVPFSV;15_SMDQVPFSV;SMDQVPFSV;SMDQVPFSV;0.9716;0.0127;0.9716;1
0;TMDQVPFSV;16_TMDQVPFSV;TMDQVPFSV;TMDQVPFSV;0.9589;0.0193;0.9589;1
0;VMDQVPFSV;17_VMDQVPFSV;VMDQVPFSV;VMDQVPFSV;0.9699;0.0137;0.9699;1
0;WMDQVPFSV;18_WMDQVPFSV;WMDQVPFSV;WMDQVPFSV;0.8675;0.0656;0.8675;1
0;YMDQVPFSV;19_YMDQVPFSV;YMDQVPFSV;YMDQVPFSV;0.9891;0.0046;0.9891;1
0;IADQVPFSV;20_IADQVPFSV;IADQVPFSV;IADQVPFSV;0.5174;0.3725;0.5174;1
0;ICDQVPFSV;21_ICDQVPFSV;ICDQVPFSV;ICDQVPFSV;0.1274;1.5756;0.1274;1
0;IDDQVPFSV;22_IDDQVPFSV;IDDQVPFSV;IDDQVPFSV;0.0104;6.6076;0.0104;0
0;IEDQVPFSV;23_IEDQVPFSV;IEDQVPFSV;IEDQVPFSV;0.0366;3.4808;0.0366;0
0;IFDQVPFSV;24_IFDQVPFSV;IFDQVPFSV;IFDQVPFSV;0.3496;0.6300;0.3496;1
0;IGDQVPFSV;25_IGDQVPFSV;IGDQVPFSV;IGDQVPFSV;0.0994;1.8952;0.0994;1
0;IHDQVPFSV;26_IHDQVPFSV;IHDQVPFSV;IHDQVPFSV;0.0240;4.3602;0.0240;0
0;IIDQVPFSV;27_IIDQVPFSV;IIDQVPFSV;IIDQVPFSV;0.9201;0.0385;0.9201;1
0;IKDQVPFSV;28_IKDQVPFSV;IKDQVPFSV;IKDQVPFSV;0.0306;3.8533;0.0306;0
0;ILDQVPFSV;29_ILDQVPFSV;ILDQVPFSV;ILDQVPFSV;0.9879;0.0051;0.9879;1
0;IMDQVPFSV;30_IMDQVPFSV;IMDQVPFSV;IMDQVPFSV;0.9755;0.0104;0.9755;1
0;INDQVPFSV;31_INDQVPFSV;INDQVPFSV;INDQVPFSV;0.0355;3.5429;0.0355;0
0;IPDQVPFSV;32_IPDQVPFSV;IPDQVPFSV;IPDQVPFSV;0.0463;3.0450;0.0463;0
0;IQDQVPFSV;33_IQDQVPFSV;IQDQVPFSV;IQDQVPFSV;0.8400;0.0802;0.8400;1
0;IRDQVPFSV;34_IRDQVPFSV;IRDQVPFSV;IRDQVPFSV;0.0252;4.2570;0.0252;0
0;ISDQVPFSV;35_ISDQVPFSV;ISDQVPFSV;ISDQVPFSV;0.3547;0.6169;0.3547;1
0;ITDQVPFSV;36_ITDQVPFSV;ITDQVPFSV;ITDQVPFSV;0.6722;0.2118;0.6722;1
0;IVDQVPFSV;37_IVDQVPFSV;IVDQVPFSV;IVDQVPFSV;0.8797;0.0591;0.8797;1
0;IWDQVPFSV;38_IWDQVPFSV;IWDQVPFSV;IWDQVPFSV;0.1439;1.4641;0.1439;1
0;IYDQVPFSV;39_IYDQVPFSV;IYDQVPFSV;IYDQVPFSV;0.1341;1.5274;0.1341;1
0;IMAQVPFSV;40_IMAQVPFSV;IMAQVPFSV;IMAQVPFSV;0.9430;0.0263;0.9430;1
0;IMCQVPFSV;41_IMCQVPFSV;IMCQVPFSV;IMCQVPFSV;0.5316;0.3560;0.5316;1
0;IMDQVPFSV;42_IMDQVPFSV;IMDQVPFSV;IMDQVPFSV;0.9755;0.0104;0.9755;1
0;IMEQVPFSV;43_IMEQVPFSV;IMEQVPFSV;IMEQVPFSV;0.7489;0.1477;0.7489;1
0;IMFQVPFSV;44_IMFQVPFSV;IMFQVPFSV;IMFQVPFSV;0.9376;0.0283;0.9376;1
0;IMGQVPFSV;45_IMGQVPFSV;IMGQVPFSV;IMGQVPFSV;0.8327;0.0849;0.8327;1
0;IMHQVPFSV;46_IMHQVPFSV;IMHQVPFSV;IMHQVPFSV;0.8854;0.0564;0.8854;1
0;IMIQVPFSV;47_IMIQVPFSV;IMIQVPFSV;IMIQVPFSV;0.9181;0.0398;0.9181;1
0;IMKQVPFSV;48_IMKQVPFSV;IMKQVPFSV;IMKQVPFSV;0.6791;0.2053;0.6791;1
0;IMLQVPFSV;49_IMLQVPFSV;IMLQVPFSV;IMLQVPFSV;0.9199;0.0386;0.9199;1
0;IMMQVPFSV;50_IMMQVPFSV;IMMQVPFSV;IMMQVPFSV;0.9432;0.0263;0.9432;1
0;IMNQVPFSV;51_IMNQVPFSV;IMNQVPFSV;IMNQVPFSV;0.9283;0.0331;0.9283;1
0;IMPQVPFSV;52_IMPQVPFSV;IMPQVPFSV;IMPQVPFSV;0.8742;0.0620;0.8742;1
0;IMQQVPFSV;53_IMQQVPFSV;IMQQVPFSV;IMQQVPFSV;0.8890;0.0546;0.8890;1
0;IMRQVPFSV;54_IMRQVPFSV;IMRQVPFSV;IMRQVPFSV;0.3878;0.5546;0.3878;1
0;IMSQVPFSV;55_IMSQVPFSV;IMSQVPFSV;IMSQVPFSV;0.9221;0.0371;0.9221;1
0;IMTQVPFSV;56_IMTQVPFSV;IMTQVPFSV;IMTQVPFSV;0.8574;0.0709;0.8574;1
0;IMVQVPFSV;57_IMVQVPFSV;IMVQVPFSV;IMVQVPFSV;0.8284;0.0877;0.8284;1
0;IMWQVPFSV;58_IMWQVPFSV;IMWQVPFSV;IMWQVPFSV;0.9293;0.0324;0.9293;1
0;IMYQVPFSV;59_IMYQVPFSV;IMYQVPFSV;IMYQVPFSV;0.9399;0.0275;0.9399;1
0;IMDAVPFSV;60_IMDAVPFSV;IMDAVPFSV;IMDAVPFSV;0.9653;0.0162;0.9653;1
0;IMDCVPFSV;61_IMDCVPFSV;IMDCVPFSV;IMDCVPFSV;0.7577;0.1392;0.7577;1
0;IMDDVPFSV;62_IMDDVPFSV;IMDDVPFSV;IMDDVPFSV;0.9958;0.0017;0.9958;1
0;IMDEVPFSV;63_IMDEVPFSV;IMDEVPFSV;IMDEVPFSV;0.9950;0.0021;0.9950;1
0;IMDFVPFSV;64_IMDFVPFSV;IMDFVPFSV;IMDFVPFSV;0.9061;0.0460;0.9061;1
0;IMDGVPFSV;65_IMDGVPFSV;IMDGVPFSV;IMDGVPFSV;0.9810;0.0080;0.9810;1
0;IMDHVPFSV;66_IMDHVPFSV;IMDHVPFSV;IMDHVPFSV;0.9787;0.0089;0.9787;1
0;IMDIVPFSV;67_IMDIVPFSV;IMDIVPFSV;IMDIVPFSV;0.9144;0.0417;0.9144;1
0;IMDKVPFSV;68_IMDKVPFSV;IMDKVPFSV;IMDKVPFSV;0.9776;0.0094;0.9776;1
0;IMDLVPFSV;69_IMDLVPFSV;IMDLVPFSV;IMDLVPFSV;0.9012;0.0485;0.9012;1
0;IMDMVPFSV;70_IMDMVPFSV;IMDMVPFSV;IMDMVPFSV;0.8882;0.0550;0.8882;1
0;IMDNVPFSV;71_IMDNVPFSV;IMDNVPFSV;IMDNVPFSV;0.9747;0.0109;0.9747;1
0;IMDPVPFSV;72_IMDPVPFSV;IMDPVPFSV;IMDPVPFSV;0.9963;0.0015;0.9963;1
0;IMDQVPFSV;73_IMDQVPFSV;IMDQVPFSV;IMDQVPFSV;0.9755;0.0104;0.9755;1
0;IMDRVPFSV;74_IMDRVPFSV;IMDRVPFSV;IMDRVPFSV;0.9325;0.0303;0.9325;1
0;IMDSVPFSV;75_IMDSVPFSV;IMDSVPFSV;IMDSVPFSV;0.9779;0.0093;0.9779;1
0;IMDTVPFSV;76_IMDTVPFSV;IMDTVPFSV;IMDTVPFSV;0.9684;0.0146;0.9684;1
0;IMDVVPFSV;77_IMDVVPFSV;IMDVVPFSV;IMDVVPFSV;0.9310;0.0313;0.9310;1
0;IMDWVPFSV;78_IMDWVPFSV;IMDWVPFSV;IMDWVPFSV;0.9120;0.0430;0.9120;1
0;IMDYVPFSV;79_IMDYVPFSV;IMDYVPFSV;IMDYVPFSV;0.9260;0.0346;0.9260;1
0;IMDQAPFSV;80_IMDQAPFSV;IMDQAPFSV;IMDQAPFSV;0.9620;0.0178;0.9620;1
0;IMDQCPFSV;81_IMDQCPFSV;IMDQCPFSV;IMDQCPFSV;0.7677;0.1295;0.7677;1
0;IMDQDPFSV;82_IMDQDPFSV;IMDQDPFSV;IMDQDPFSV;0.9615;0.0180;0.9615;1
0;IMDQEPFSV;83_IMDQEPFSV;IMDQEPFSV;IMDQEPFSV;0.9731;0.0118;0.9731;1
0;IMDQFPFSV;84_IMDQFPFSV;IMDQFPFSV;IMDQFPFSV;0.9709;0.0131;0.9709;1
0;IMDQGPFSV;85_IMDQGPFSV;IMDQGPFSV;IMDQGPFSV;0.9788;0.0089;0.9788;1
0;IMDQHPFSV;86_IMDQHPFSV;IMDQHPFSV;IMDQHPFSV;0.9911;0.0037;0.9911;1
0;IMDQIPFSV;87_IMDQIPFSV;IMDQIPFSV;IMDQIPFSV;0.9801;0.0083;0.9801;1
0;IMDQKPFSV;88_IMDQKPFSV;IMDQKPFSV;IMDQKPFSV;0.9854;0.0061;0.9854;1
0;IMDQLPFSV;89_IMDQLPFSV;IMDQLPFSV;IMDQLPFSV;0.9622;0.0177;0.9622;1
0;IMDQMPFSV;90_IMDQMPFSV;IMDQMPFSV;IMDQMPFSV;0.9493;0.0238;0.9493;1
0;IMDQNPFSV;91_IMDQNPFSV;IMDQNPFSV;IMDQNPFSV;0.9737;0.0115;0.9737;1
0;IMDQPPFSV;92_IMDQPPFSV;IMDQPPFSV;IMDQPPFSV;0.9805;0.0082;0.9805;1
0;IMDQQPFSV;93_IMDQQPFSV;IMDQQPFSV;IMDQQPFSV;0.9807;0.0081;0.9807;1
0;IMDQRPFSV;94_IMDQRPFSV;IMDQRPFSV;IMDQRPFSV;0.9620;0.0178;0.9620;1
0;IMDQSPFSV;95_IMDQSPFSV;IMDQSPFSV;IMDQSPFSV;0.9706;0.0133;0.9706;1
0;IMDQTPFSV;96_IMDQTPFSV;IMDQTPFSV;IMDQTPFSV;0.9641;0.0168;0.9641;1
0;IMDQVPFSV;97_IMDQVPFSV;IMDQVPFSV;IMDQVPFSV;0.9755;0.0104;0.9755;1
0;IMDQWPFSV;98_IMDQWPFSV;IMDQWPFSV;IMDQWPFSV;0.9630;0.0173;0.9630;1
0;IMDQYPFSV;99_IMDQYPFSV;IMDQYPFSV;IMDQYPFSV;0.9750;0.0107;0.9750;1
0;IMDQVAFSV;100_IMDQVAFSV;IMDQVAFSV;IMDQVAFSV;0.8847;0.0567;0.8847;1
0;IMDQVCFSV;101_IMDQVCFSV;IMDQVCFSV;IMDQVCFSV;0.5980;0.2826;0.5980;1
0;IMDQVDFSV;102_IMDQVDFSV;IMDQVDFSV;IMDQVDFSV;0.8498;0.0750;0.8498;1
0;IMDQVEFSV;103_IMDQVEFSV;IMDQVEFSV;IMDQVEFSV;0.9014;0.0484;0.9014;1
0;IMDQVFFSV;104_IMDQVFFSV;IMDQVFFSV;IMDQVFFSV;0.8794;0.0593;0.8794;1
0;IMDQVGFSV;105_IMDQVGFSV;IMDQVGFSV;IMDQVGFSV;0.8480;0.0759;0.8480;1
0;IMDQVHFSV;106_IMDQVHFSV;IMDQVHFSV;IMDQVHFSV;0.9283;0.0330;0.9283;1
0;IMDQVIFSV;107_IMDQVIFSV;IMDQVIFSV;IMDQVIFSV;0.9612;0.0182;0.9612;1
0;IMDQVKFSV;108_IMDQVKFSV;IMDQVKFSV;IMDQVKFSV;0.9009;0.0486;0.9009;1
0;IMDQVLFSV;109_IMDQVLFSV;IMDQVLFSV;IMDQVLFSV;0.9312;0.0311;0.9312;1
0;IMDQVMFSV;110_IMDQVMFSV;IMDQVMFSV;IMDQVMFSV;0.8955;0.0513;0.8955;1
0;IMDQVNFSV;111_IMDQVNFSV;IMDQVNFSV;IMDQVNFSV;0.9224;0.0370;0.9224;1
0;IMDQVPFSV;112_IMDQVPFSV;IMDQVPFSV;IMDQVPFSV;0.9755;0.0104;0.9755;1
0;IMDQVQFSV;113_IMDQVQFSV;IMDQVQFSV;IMDQVQFSV;0.9397;0.0275;0.9397;1
0;IMDQVRFSV;114_IMDQVRFSV;IMDQVRFSV;IMDQVRFSV;0.7691;0.1281;0.7691;1
0;IMDQVSFSV;115_IMDQVSFSV;IMDQVSFSV;IMDQVSFSV;0.9301;0.0318;0.9301;1
0;IMDQVTFSV;116_IMDQVTFSV;IMDQVTFSV;IMDQVTFSV;0.9517;0.0227;0.9517;1
0;IMDQVVFSV;117_IMDQVVFSV;IMDQVVFSV;IMDQVVFSV;0.9551;0.0211;0.9551;1
0;IMDQVWFSV;118_IMDQVWFSV;IMDQVWFSV;IMDQVWFSV;0.6189;0.2624;0.6189;1
0;IMDQVYFSV;119_IMDQVYFSV;IMDQVYFSV;IMDQVYFSV;0.8379;0.0816;0.8379;1
0;IMDQVPASV;120_IMDQVPASV;IMDQVPASV;IMDQVPASV;0.9493;0.0238;0.9493;1
0;IMDQVPCSV;121_IMDQVPCSV;IMDQVPCSV;IMDQVPCSV;0.8295;0.0870;0.8295;1
0;IMDQVPDSV;122_IMDQVPDSV;IMDQVPDSV;IMDQVPDSV;0.8416;0.0793;0.8416;1
0;IMDQVPESV;123_IMDQVPESV;IMDQVPESV;IMDQVPESV;0.9558;0.0208;0.9558;1
0;IMDQVPFSV;124_IMDQVPFSV;IMDQVPFSV;IMDQVPFSV;0.9755;0.0104;0.9755;1
0;IMDQVPGSV;125_IMDQVPGSV;IMDQVPGSV;IMDQVPGSV;0.5942;0.2862;0.5942;1
0;IMDQVPHSV;126_IMDQVPHSV;IMDQVPHSV;IMDQVPHSV;0.9932;0.0028;0.9932;1
0;IMDQVPISV;127_IMDQVPISV;IMDQVPISV;IMDQVPISV;0.9803;0.0083;0.9803;1
0;IMDQVPKSV;128_IMDQVPKSV;IMDQVPKSV;IMDQVPKSV;0.8986;0.0498;0.8986;1
0;IMDQVPLSV;129_IMDQVPLSV;IMDQVPLSV;IMDQVPLSV;0.9666;0.0156;0.9666;1
0;IMDQVPMSV;130_IMDQVPMSV;IMDQVPMSV;IMDQVPMSV;0.9741;0.0112;0.9741;1
0;IMDQVPNSV;131_IMDQVPNSV;IMDQVPNSV;IMDQVPNSV;0.9592;0.0192;0.9592;1
0;IMDQVPPSV;132_IMDQVPPSV;IMDQVPPSV;IMDQVPPSV;0.9876;0.0052;0.9876;1
0;IMDQVPQSV;133_IMDQVPQSV;IMDQVPQSV;IMDQVPQSV;0.9794;0.0086;0.9794;1
0;IMDQVPRSV;134_IMDQVPRSV;IMDQVPRSV;IMDQVPRSV;0.8955;0.0514;0.8955;1
0;IMDQVPSSV;135_IMDQVPSSV;IMDQVPSSV;IMDQVPSSV;0.9429;0.0264;0.9429;1
0;IMDQVPTSV;136_IMDQVPTSV;IMDQVPTSV;IMDQVPTSV;0.9737;0.0114;0.9737;1
0;IMDQVPVSV;137_IMDQVPVSV;IMDQVPVSV;IMDQVPVSV;0.9820;0.0075;0.9820;1
0;IMDQVPWSV;138_IMDQVPWSV;IMDQVPWSV;IMDQVPWSV;0.9730;0.0119;0.9730;1
0;IMDQVPYSV;139_IMDQVPYSV;IMDQVPYSV;IMDQVPYSV;0.9816;0.0077;0.9816;1
0;IMDQVPFAV;140_IMDQVPFAV;IMDQVPFAV;IMDQVPFAV;0.9470;0.0249;0.9470;1
0;IMDQVPFCV;141_IMDQVPFCV;IMDQVPFCV;IMDQVPFCV;0.8416;0.0793;0.8416;1
0;IMDQVPFDV;142_IMDQVPFDV;IMDQVPFDV;IMDQVPFDV;0.7173;0.1671;0.7173;1
0;IMDQVPFEV;143_IMDQVPFEV;IMDQVPFEV;IMDQVPFEV;0.9794;0.0086;0.9794;1
0;IMDQVPFFV;144_IMDQVPFFV;IMDQVPFFV;IMDQVPFFV;0.9477;0.0246;0.9477;1
0;IMDQVPFGV;145_IMDQVPFGV;IMDQVPFGV;IMDQVPFGV;0.9271;0.0338;0.9271;1
0;IMDQVPFHV;146_IMDQVPFHV;IMDQVPFHV;IMDQVPFHV;0.9754;0.0104;0.9754;1
0;IMDQVPFIV;147_IMDQVPFIV;IMDQVPFIV;IMDQVPFIV;0.8254;0.0896;0.8254;1
0;IMDQVPFKV;148_IMDQVPFKV;IMDQVPFKV;IMDQVPFKV;0.9766;0.0098;0.9766;1
0;IMDQVPFLV;149_IMDQVPFLV;IMDQVPFLV;IMDQVPFLV;0.9429;0.0264;0.9429;1
0;IMDQVPFMV;150_IMDQVPFMV;IMDQVPFMV;IMDQVPFMV;0.9512;0.0229;0.9512;1
0;IMDQVPFNV;151_IMDQVPFNV;IMDQVPFNV;IMDQVPFNV;0.9638;0.0169;0.9638;1
0;IMDQVPFPV;152_IMDQVPFPV;IMDQVPFPV;IMDQVPFPV;0.8090;0.1018;0.8090;1
0;IMDQVPFQV;153_IMDQVPFQV;IMDQVPFQV;IMDQVPFQV;0.9845;0.0065;0.9845;1
0;IMDQVPFRV;154_IMDQVPFRV;IMDQVPFRV;IMDQVPFRV;0.9698;0.0138;0.9698;1
0;IMDQVPFSV;155_IMDQVPFSV;IMDQVPFSV;IMDQVPFSV;0.9755;0.0104;0.9755;1
0;IMDQVPFTV;156_IMDQVPFTV;IMDQVPFTV;IMDQVPFTV;0.9762;0.0100;0.9762;1
0;IMDQVPFVV;157_IMDQVPFVV;IMDQVPFVV;IMDQVPFVV;0.8886;0.0548;0.8886;1
0;IMDQVPFWV;158_IMDQVPFWV;IMDQVPFWV;IMDQVPFWV;0.8044;0.1047;0.8044;1
0;IMDQVPFYV;159_IMDQVPFYV;IMDQVPFYV;IMDQVPFYV;0.9747;0.0109;0.9747;1
0;IMDQVPFSA;160_IMDQVPFSA;IMDQVPFSA;IMDQVPFSA;0.7327;0.1581;0.7327;1
0;IMDQVPFSC;161_IMDQVPFSC;IMDQVPFSC;IMDQVPFSC;0.4573;0.4492;0.4573;1
0;IMDQVPFSD;162_IMDQVPFSD;IMDQVPFSD;IMDQVPFSD;0.0013;15.9733;0.0013;0
0;IMDQVPFSE;163_IMDQVPFSE;IMDQVPFSE;IMDQVPFSE;0.0243;4.3371;0.0243;0
0;IMDQVPFSF;164_IMDQVPFSF;IMDQVPFSF;IMDQVPFSF;0.5018;0.3907;0.5018;1
0;IMDQVPFSG;165_IMDQVPFSG;IMDQVPFSG;IMDQVPFSG;0.0082;7.3869;0.0082;0
0;IMDQVPFSH;166_IMDQVPFSH;IMDQVPFSH;IMDQVPFSH;0.0282;4.0012;0.0282;0
0;IMDQVPFSI;167_IMDQVPFSI;IMDQVPFSI;IMDQVPFSI;0.8851;0.0565;0.8851;1
0;IMDQVPFSK;168_IMDQVPFSK;IMDQVPFSK;IMDQVPFSK;0.0173;5.1172;0.0173;0
0;IMDQVPFSL;169_IMDQVPFSL;IMDQVPFSL;IMDQVPFSL;0.9606;0.0185;0.9606;1
0;IMDQVPFSM;170_IMDQVPFSM;IMDQVPFSM;IMDQVPFSM;0.8440;0.0781;0.8440;1
0;IMDQVPFSN;171_IMDQVPFSN;IMDQVPFSN;IMDQVPFSN;0.0015;15.3111;0.0015;0
0;IMDQVPFSP;172_IMDQVPFSP;IMDQVPFSP;IMDQVPFSP;0.0471;3.0101;0.0471;0
0;IMDQVPFSQ;173_IMDQVPFSQ;IMDQVPFSQ;IMDQVPFSQ;0.0166;5.2394;0.0166;0
0;IMDQVPFSR;174_IMDQVPFSR;IMDQVPFSR;IMDQVPFSR;0.0310;3.8265;0.0310;0
0;IMDQVPFSS;175_IMDQVPFSS;IMDQVPFSS;IMDQVPFSS;0.1012;1.8696;0.1012;1
0;IMDQVPFST;176_IMDQVPFST;IMDQVPFST;IMDQVPFST;0.3899;0.5510;0.3899;1
0;IMDQVPFSV;177_IMDQVPFSV;IMDQVPFSV;IMDQVPFSV;0.9755;0.0104;0.9755;1
0;IMDQVPFSW;178_IMDQVPFSW;IMDQVPFSW;IMDQVPFSW;0.1115;1.7355;0.1115;1
0;IMDQVPFSY;179_IMDQVPFSY;IMDQVPFSY;IMDQVPFSY;0.1578;1.3771;0.1578;1