;;;HLA-A02:01;;;;;
Pos;Peptide;ID;core;icore;EL-score;EL_Rank;Ave;NB
0;DLVPMVATV;0_DLVPMVATV;DLVPMVATV;DLVPMVATV;0.1596;1.3636;0.1596;1
0;ILVPMVATV;1_ILVPMVATV;ILVPMVATV;ILVPMVATV;0.9079;0.0451;0.9079;1
0;PLVPMVATV;2_PLVPMVATV;PLVPMVATV;PLVPMVATV;0.1488;1.4352;0.1488;1
0;QLVPMVATV;3_QLVPMVATV;QLVPMVATV;QLVPMVATV;0.8192;0.0944;0.8192;1
0;TLVPMVATV;4_TLVPMVATV;TLVPMVATV;TLVPMVATV;0.9000;0.0491;0.9000;1
0;VLVPMVATV;5_VLVPMVATV;VLVPMVATV;VLVPMVATV;0.8945;0.0519;0.8945;1
0;NLVPMVATV;6_NLVPMVATV;NLVPMVATV;NLVPMVATV;0.8324;0.0852;0.8324;1
0;ALVPMVATV;7_ALVPMVATV;ALVPMVATV;ALVPMVATV;0.9432;0.0263;0.9432;1
0;CLVPMVATV;8_CLVPMVATV;CLVPMVATV;CLVPMVATV;0.4339;0.4809;0.4339;1
0;ELVPMVATV;9_ELVPMVATV;ELVPMVATV;ELVPMVATV;0.4215;0.4976;0.4215;1
0;FLVPMVATV;10_FLVPMVATV;FLVPMVATV;FLVPMVATV;0.9567;0.0204;0.9567;1
0;GLVPMVATV;11_GLVPMVATV;GLVPMVATV;GLVPMVATV;0.8930;0.0526;0.8930;1
0;HLVPMVATV;12_HLVPMVATV;HLVPMVATV;HLVPMVATV;0.8799;0.0591;0.8799;1
0;KLVPMVATV;13_KLVPMVATV;KLVPMVATV;KLVPMVATV;0.9606;0.0185;0.9606;1
0;LLVPMVATV;14_LLVPMVATV;LLVPMVATV;LLVPMVATV;0.8365;0.0825;0.8365;1
0;MLVPMVATV;15_MLVPMVATV;MLVPMVATV;MLVPMVATV;0.8407;0.0798;0.8407;1
0;RLVPMVATV;16_RLVPMVATV;RLVPMVATV;RLVPMVATV;0.9134;0.0422;0.9134;1
0;SLVPMVATV;17_SLVPMVATV;SLVPMVATV;SLVPMVATV;0.9389;0.0278;0.9389;1
0;WLVPMVATV;18_WLVPMVATV;WLVPMVATV;WLVPMVATV;0.6066;0.2743;0.6066;1
0;YLVPMVATV;19_YLVPMVATV;YLVPMVATV;YLVPMVATV;0.9638;0.0169;0.9638;1
0;NAVPMVATV;20_NAVPMVATV;NAVPMVATV;NAVPMVATV;0.0829;2.1613;0.0829;0
0;NCVPMVATV;21_NCVPMVATV;NCVPMVATV;NCVPMVATV;0.0211;4.6403;0.0211;0
0;NDVPMVATV;22_NDVPMVATV;NDVPMVATV;NDVPMVATV;0.0046;9.5582;0.0046;0
0;NEVPMVATV;23_NEVPMVATV;NEVPMVATV;NEVPMVATV;0.0060;8.4902;0.0060;0
0;NFVPMVATV;24_NFVPMVATV;NFVPMVATV;NFVPMVATV;0.0215;4.5901;0.0215;0
0;NGVPMVATV;25_NGVPMVATV;NGVPMVATV;NGVPMVATV;0.0084;7.3239;0.0084;0
0;NHVPMVATV;26_NHVPMVATV;NHVPMVATV;NHVPMVATV;0.0014;15.6800;0.0014;0
0;NIVPMVATV;27_NIVPMVATV;NIVPMVATV;NIVPMVATV;0.4451;0.4656;0.4451;1
0;NKVPMVATV;28_NKVPMVATV;NKVPMVATV;NKVPMVATV;0.0012;16.6900;0.0012;0
0;NMVPMVATV;29_NMVPMVATV;NMVPMVATV;NMVPMVATV;0.5993;0.2813;0.5993;1
0;NNVPMVATV;30_NNVPMVATV;NNVPMVATV;NNVPMVATV;0.0047;9.4577;0.0047;0
0;NPVPMVATV;31_NPVPMVATV;NPVPMVATV;NPVPMVATV;0.0041;10.0406;0.0041;0
0;NQVPMVATV;32_NQVPMVATV;NQVPMVATV;NQVPMVATV;0.3256;0.6915;0.3256;1
0;NRVPMVATV;33_NRVPMVATV;NRVPMVATV;NRVPMVATV;0.0019;13.9357;0.0019;0
0;NSVPMVATV;34_NSVPMVATV;NSVPMVATV;NSVPMVATV;0.0573;2.7122;0.0573;0
0;NTVPMVATV;35_NTVPMVATV;NTVPMVATV;NTVPMVATV;0.1813;1.2322;0.1813;1
0;NVVPMVATV;36_NVVPMVATV;NVVPMVATV;NVVPMVATV;0.3918;0.5478;0.3918;1
0;NWVPMVATV;37_NWVPMVATV;NWVPMVATV;NWVPMVATV;0.0144;5.6549;0.0144;0
0;NYVPMVATV;38_NYVPMVATV;NYVPMVATV;NYVPMVATV;0.0066;8.1266;0.0066;0
0;NLVPMVATV;39_NLVPMVATV;NLVPMVATV;NLVPMVATV;0.8324;0.0852;0.8324;1
0;NLAPMVATV;40_NLAPMVATV;NLAPMVATV;NLAPMVATV;0.9420;0.0267;0.9420;1
0;NLCPMVATV;41_NLCPMVATV;NLCPMVATV;NLCPMVATV;0.5049;0.3870;0.5049;1
0;NLEPMVATV;42_NLEPMVATV;NLEPMVATV;NLEPMVATV;0.5717;0.3094;0.5717;1
0;NLIPMVATV;43_NLIPMVATV;NLIPMVATV;NLIPMVATV;0.9253;0.0351;0.9253;1
0;NLKPMVATV;44_NLKPMVATV;NLKPMVATV;NLKPMVATV;0.6655;0.2181;0.6655;1
0;NLLPMVATV;45_NLLPMVATV;NLLPMVATV;NLLPMVATV;0.9225;0.0369;0.9225;1
0;NLMPMVATV;46_NLMPMVATV;NLMPMVATV;NLMPMVATV;0.9427;0.0265;0.9427;1
0;NLPPMVATV;47_NLPPMVATV;NLPPMVATV;NLPPMVATV;0.8479;0.0760;0.8479;1
0;NLQPMVATV;48_NLQPMVATV;NLQPMVATV;NLQPMVATV;0.8578;0.0707;0.8578;1
0;NLRPMVATV;49_NLRPMVATV;NLRPMVATV;NLRPMVATV;0.3969;0.5391;0.3969;1
0;NLTPMVATV;50_NLTPMVATV;NLTPMVATV;NLTPMVATV;0.8108;0.1006;0.8108;1
0;NLWPMVATV;51_NLWPMVATV;NLWPMVATV;NLWPMVATV;0.9320;0.0306;0.9320;1
0;NLVPMVATV;52_NLVPMVATV;NLVPMVATV;NLVPMVATV;0.8324;0.0852;0.8324;1
0;NLDPMVATV;53_NLDPMVATV;NLDPMVATV;NLDPMVATV;0.9555;0.0209;0.9555;1
0;NLFPMVATV;54_NLFPMVATV;NLFPMVATV;NLFPMVATV;0.9282;0.0331;0.9282;1
0;NLGPMVATV;55_NLGPMVATV;NLGPMVATV;NLGPMVATV;0.8299;0.0867;0.8299;1
0;NLHPMVATV;56_NLHPMVATV;NLHPMVATV;NLHPMVATV;0.8594;0.0699;0.8594;1
0;NLNPMVATV;57_NLNPMVATV;NLNPMVATV;NLNPMVATV;0.9132;0.0423;0.9132;1
0;NLSPMVATV;58_NLSPMVATV;NLSPMVATV;NLSPMVATV;0.9135;0.0422;0.9135;1
0;NLYPMVATV;59_NLYPMVATV;NLYPMVATV;NLYPMVATV;0.9403;0.0273;0.9403;1
0;NLVAMVATV;60_NLVAMVATV;NLVAMVATV;NLVAMVATV;0.3971;0.5387;0.3971;1
0;NLVCMVATV;61_NLVCMVATV;NLVCMVATV;NLVCMVATV;0.1079;1.7766;0.1079;1
0;NLVDMVATV;62_NLVDMVATV;NLVDMVATV;NLVDMVATV;0.8820;0.0580;0.8820;1
0;NLVEMVATV;63_NLVEMVATV;NLVEMVATV;NLVEMVATV;0.8424;0.0789;0.8424;1
0;NLVGMVATV;64_NLVGMVATV;NLVGMVATV;NLVGMVATV;0.5973;0.2832;0.5973;1
0;NLVHMVATV;65_NLVHMVATV;NLVHMVATV;NLVHMVATV;0.4860;0.4104;0.4860;1
0;NLVIMVATV;66_NLVIMVATV;NLVIMVATV;NLVIMVATV;0.1522;1.4149;0.1522;1
0;NLVKMVATV;67_NLVKMVATV;NLVKMVATV;NLVKMVATV;0.4933;0.4006;0.4933;1
0;NLVMMVATV;68_NLVMMVATV;NLVMMVATV;NLVMMVATV;0.1593;1.3656;0.1593;1
0;NLVRMVATV;69_NLVRMVATV;NLVRMVATV;NLVRMVATV;0.2968;0.7717;0.2968;1
0;NLVSMVATV;70_NLVSMVATV;NLVSMVATV;NLVSMVATV;0.5470;0.3381;0.5470;1
0;NLVYMVATV;71_NLVYMVATV;NLVYMVATV;NLVYMVATV;0.2140;1.0761;0.2140;1
0;NLVPMVATV;72_NLVPMVATV;NLVPMVATV;NLVPMVATV;0.8324;0.0852;0.8324;1
0;NLVFMVATV;73_NLVFMVATV;NLVFMVATV;NLVFMVATV;0.1995;1.1437;0.1995;1
0;NLVLMVATV;74_NLVLMVATV;NLVLMVATV;NLVLMVATV;0.1865;1.2057;0.1865;1
0;NLVNMVATV;75_NLVNMVATV;NLVNMVATV;NLVNMVATV;0.5266;0.3618;0.5266;1
0;NLVQMVATV;76_NLVQMVATV;NLVQMVATV;NLVQMVATV;0.4565;0.4502;0.4565;1
0;NLVTMVATV;77_NLVTMVATV;NLVTMVATV;NLVTMVATV;0.4337;0.4811;0.4337;1
0;NLVVMVATV;78_NLVVMVATV;NLVVMVATV;NLVVMVATV;0.1776;1.2516;0.1776;1
0;NLVWMVATV;79_NLVWMVATV;NLVWMVATV;NLVWMVATV;0.1971;1.1549;0.1971;1
0;NLVPCVATV;80_NLVPCVATV;NLVPCVATV;NLVPCVATV;0.6104;0.2706;0.6104;1
0;NLVPNVATV;81_NLVPNVATV;NLVPNVATV;NLVPNVATV;0.8755;0.0613;0.8755;1
0;NLVPMVATV;82_NLVPMVATV;NLVPMVATV;NLVPMVATV;0.8324;0.0852;0.8324;1
0;NLVPAVATV;83_NLVPAVATV;NLVPAVATV;NLVPAVATV;0.8737;0.0623;0.8737;1
0;NLVPDVATV;84_NLVPDVATV;NLVPDVATV;NLVPDVATV;0.9066;0.0457;0.9066;1
0;NLVPEVATV;85_NLVPEVATV;NLVPEVATV;NLVPEVATV;0.9233;0.0364;0.9233;1
0;NLVPFVATV;86_NLVPFVATV;NLVPFVATV;NLVPFVATV;0.9336;0.0298;0.9336;1
0;NLVPGVATV;87_NLVPGVATV;NLVPGVATV;NLVPGVATV;0.9387;0.0279;0.9387;1
0;NLVPHVATV;88_NLVPHVATV;NLVPHVATV;NLVPHVATV;0.9621;0.0178;0.9621;1
0;NLVPKVATV;89_NLVPKVATV;NLVPKVATV;NLVPKVATV;0.9435;0.0262;0.9435;1
0;NLVPLVATV;90_NLVPLVATV;NLVPLVATV;NLVPLVATV;0.8853;0.0564;0.8853;1
0;NLVPPVATV;91_NLVPPVATV;NLVPPVATV;NLVPPVATV;0.9162;0.0408;0.9162;1
0;NLVPQVATV;92_NLVPQVATV;NLVPQVATV;NLVPQVATV;0.9255;0.0349;0.9255;1
0;NLVPRVATV;93_NLVPRVATV;NLVPRVATV;NLVPRVATV;0.8819;0.0581;0.8819;1
0;NLVPSVATV;94_NLVPSVATV;NLVPSVATV;NLVPSVATV;0.8970;0.0506;0.8970;1
0;NLVPTVATV;95_NLVPTVATV;NLVPTVATV;NLVPTVATV;0.8726;0.0629;0.8726;1
0;NLVPVVATV;96_NLVPVVATV;NLVPVVATV;NLVPVVATV;0.9297;0.0321;0.9297;1
0;NLVPWVATV;97_NLVPWVATV;NLVPWVATV;NLVPWVATV;0.9293;0.0324;0.9293;1
0;NLVPYVATV;98_NLVPYVATV;NLVPYVATV;NLVPYVATV;0.9418;0.0268;0.9418;1
0;NLVPIVATV;99_NLVPIVATV;NLVPIVATV;NLVPIVATV;0.9350;0.0292;0.9350;1
0;NLVPMAATV;100_NLVPMAATV;NLVPMAATV;NLVPMAATV;0.4630;0.4416;0.4630;1
0;NLVPMCATV;101_NLVPMCATV;NLVPMCATV;NLVPMCATV;0.2809;0.8196;0.2809;1
0;NLVPMGATV;102_NLVPMGATV;NLVPMGATV;NLVPMGATV;0.3508;0.6269;0.3508;1
0;NLVPMIATV;103_NLVPMIATV;NLVPMIATV;NLVPMIATV;0.8807;0.0587;0.8807;1
0;NLVPMKATV;104_NLVPMKATV;NLVPMKATV;NLVPMKATV;0.3992;0.5350;0.3992;1
0;NLVPMLATV;105_NLVPMLATV;NLVPMLATV;NLVPMLATV;0.8428;0.0787;0.8428;1
0;NLVPMMATV;106_NLVPMMATV;NLVPMMATV;NLVPMMATV;0.7210;0.1650;0.7210;1
0;NLVPMQATV;107_NLVPMQATV;NLVPMQATV;NLVPMQATV;0.6642;0.2193;0.6642;1
0;NLVPMRATV;108_NLVPMRATV;NLVPMRATV;NLVPMRATV;0.2484;0.9312;0.2484;1
0;NLVPMSATV;109_NLVPMSATV;NLVPMSATV;NLVPMSATV;0.6089;0.2720;0.6089;1
0;NLVPMTATV;110_NLVPMTATV;NLVPMTATV;NLVPMTATV;0.7315;0.1588;0.7315;1
0;NLVPMWATV;111_NLVPMWATV;NLVPMWATV;NLVPMWATV;0.2746;0.8404;0.2746;1
0;NLVPMYATV;112_NLVPMYATV;NLVPMYATV;NLVPMYATV;0.4682;0.4344;0.4682;1
0;NLVPMVATV;113_NLVPMVATV;NLVPMVATV;NLVPMVATV;0.8324;0.0852;0.8324;1
0;NLVPMDATV;114_NLVPMDATV;NLVPMDATV;NLVPMDATV;0.3922;0.5471;0.3922;1
0;NLVPMEATV;115_NLVPMEATV;NLVPMEATV;NLVPMEATV;0.4828;0.4148;0.4828;1
0;NLVPMFATV;116_NLVPMFATV;NLVPMFATV;NLVPMFATV;0.6576;0.2257;0.6576;1
0;NLVPMHATV;117_NLVPMHATV;NLVPMHATV;NLVPMHATV;0.5207;0.3687;0.5207;1
0;NLVPMNATV;118_NLVPMNATV;NLVPMNATV;NLVPMNATV;0.5642;0.3182;0.5642;1
0;NLVPMPATV;119_NLVPMPATV;NLVPMPATV;NLVPMPATV;0.8229;0.0915;0.8229;1
0;NLVPMVCTV;120_NLVPMVCTV;NLVPMVCTV;NLVPMVCTV;0.6357;0.2463;0.6357;1
0;NLVPMVDTV;121_NLVPMVDTV;NLVPMVDTV;NLVPMVDTV;0.6636;0.2200;0.6636;1
0;NLVPMVETV;122_NLVPMVETV;NLVPMVETV;NLVPMVETV;0.8503;0.0747;0.8503;1
0;NLVPMVGTV;123_NLVPMVGTV;NLVPMVGTV;NLVPMVGTV;0.3252;0.6923;0.3252;1
0;NLVPMVHTV;124_NLVPMVHTV;NLVPMVHTV;NLVPMVHTV;0.9704;0.0134;0.9704;1
0;NLVPMVITV;125_NLVPMVITV;NLVPMVITV;NLVPMVITV;0.9431;0.0263;0.9431;1
0;NLVPMVMTV;126_NLVPMVMTV;NLVPMVMTV;NLVPMVMTV;0.9287;0.0328;0.9287;1
0;NLVPMVNTV;127_NLVPMVNTV;NLVPMVNTV;NLVPMVNTV;0.8531;0.0732;0.8531;1
0;NLVPMVQTV;128_NLVPMVQTV;NLVPMVQTV;NLVPMVQTV;0.9247;0.0354;0.9247;1
0;NLVPMVSTV;129_NLVPMVSTV;NLVPMVSTV;NLVPMVSTV;0.8428;0.0787;0.8428;1
0;NLVPMVTTV;130_NLVPMVTTV;NLVPMVTTV;NLVPMVTTV;0.9293;0.0324;0.9293;1
0;NLVPMVVTV;131_NLVPMVVTV;NLVPMVVTV;NLVPMVVTV;0.9427;0.0265;0.9427;1
0;NLVPMVATV;132_NLVPMVATV;NLVPMVATV;NLVPMVATV;0.8324;0.0852;0.8324;1
0;NLVPMVFTV;133_NLVPMVFTV;NLVPMVFTV;NLVPMVFTV;0.9205;0.0382;0.9205;1
0;NLVPMVKTV;134_NLVPMVKTV;NLVPMVKTV;NLVPMVKTV;0.7377;0.1552;0.7377;1
0;NLVPMVLTV;135_NLVPMVLTV;NLVPMVLTV;NLVPMVLTV;0.9204;0.0383;0.9204;1
0;NLVPMVPTV;136_NLVPMVPTV;NLVPMVPTV;NLVPMVPTV;0.9665;0.0156;0.9665;1
0;NLVPMVRTV;137_NLVPMVRTV;NLVPMVRTV;NLVPMVRTV;0.7426;0.1522;0.7426;1
0;NLVPMVWTV;138_NLVPMVWTV;NLVPMVWTV;NLVPMVWTV;0.9416;0.0268;0.9416;1
0;NLVPMVYTV;139_NLVPMVYTV;NLVPMVYTV;NLVPMVYTV;0.9187;0.0394;0.9187;1
0;NLVPMVAAV;140_NLVPMVAAV;NLVPMVAAV;NLVPMVAAV;0.6756;0.2086;0.6756;1
0;NLVPMVACV;141_NLVPMVACV;NLVPMVACV;NLVPMVACV;0.4415;0.4706;0.4415;1
0;NLVPMVADV;142_NLVPMVADV;NLVPMVADV;NLVPMVADV;0.2752;0.8382;0.2752;1
0;NLVPMVAGV;143_NLVPMVAGV;NLVPMVAGV;NLVPMVAGV;0.6697;0.2142;0.6697;1
0;NLVPMVAHV;144_NLVPMVAHV;NLVPMVAHV;NLVPMVAHV;0.8253;0.0897;0.8253;1
0;NLVPMVAIV;145_NLVPMVAIV;NLVPMVAIV;NLVPMVAIV;0.3076;0.7415;0.3076;1
0;NLVPMVAKV;146_NLVPMVAKV;NLVPMVAKV;NLVPMVAKV;0.8361;0.0828;0.8361;1
0;NLVPMVANV;147_NLVPMVANV;NLVPMVANV;NLVPMVANV;0.7651;0.1319;0.7651;1
0;NLVPMVARV;148_NLVPMVARV;NLVPMVARV;NLVPMVARV;0.7798;0.1203;0.7798;1
0;NLVPMVASV;149_NLVPMVASV;NLVPMVASV;NLVPMVASV;0.8440;0.0781;0.8440;1
0;NLVPMVAVV;150_NLVPMVAVV;NLVPMVAVV;NLVPMVAVV;0.4341;0.4806;0.4341;1
0;NLVPMVAWV;151_NLVPMVAWV;NLVPMVAWV;NLVPMVAWV;0.3810;0.5662;0.3810;1
0;NLVPMVATV;152_NLVPMVATV;NLVPMVATV;NLVPMVATV;0.8324;0.0852;0.8324;1
0;NLVPMVAEV;153_NLVPMVAEV;NLVPMVAEV;NLVPMVAEV;0.8763;0.0609;0.8763;1
0;NLVPMVAFV;154_NLVPMVAFV;NLVPMVAFV;NLVPMVAFV;0.7046;0.1746;0.7046;1
0;NLVPMVALV;155_NLVPMVALV;NLVPMVALV;NLVPMVALV;0.6370;0.2451;0.6370;1
0;NLVPMVAMV;156_NLVPMVAMV;NLVPMVAMV;NLVPMVAMV;0.6158;0.2654;0.6158;1
0;NLVPMVAPV;157_NLVPMVAPV;NLVPMVAPV;NLVPMVAPV;0.4349;0.4795;0.4349;1
0;NLVPMVAQV;158_NLVPMVAQV;NLVPMVAQV;NLVPMVAQV;0.8829;0.0576;0.8829;1
0;NLVPMVAYV;159_NLVPMVAYV;NLVPMVAYV;NLVPMVAYV;0.8242;0.0905;0.8242;1
0;NLVPMVATA;160_NLVPMVATA;NLVPMVATA;NLVPMVATA;0.3838;0.5615;0.3838;1
0;NLVPMVATC;161_NLVPMVATC;NLVPMVATC;NLVPMVATC;0.0938;1.9710;0.0938;1
0;NLVPMVATD;162_NLVPMVATD;NLVPMVATD;NLVPMVATD;0.0006;21.9737;0.0006;0
0;NLVPMVATE;163_NLVPMVATE;NLVPMVATE;NLVPMVATE;0.0052;9.0382;0.0052;0
0;NLVPMVATF;164_NLVPMVATF;NLVPMVATF;NLVPMVATF;0.1016;1.8636;0.1016;1
0;NLVPMVATG;165_NLVPMVATG;NLVPMVATG;NLVPMVATG;0.0022;12.9527;0.0022;0
0;NLVPMVATH;166_NLVPMVATH;NLVPMVATH;NLVPMVATH;0.0043;9.8416;0.0043;0
0;NLVPMVATI;167_NLVPMVATI;NLVPMVATI;NLVPMVATI;0.4299;0.4863;0.4299;1
0;NLVPMVATK;168_NLVPMVATK;NLVPMVATK;NLVPMVATK;0.0058;8.5773;0.0058;0
0;NLVPMVATL;169_NLVPMVATL;NLVPMVATL;NLVPMVATL;0.6800;0.2044;0.6800;1
0;NLVPMVATM;170_NLVPMVATM;NLVPMVATM;NLVPMVATM;0.2980;0.7685;0.2980;1
0;NLVPMVATN;171_NLVPMVATN;NLVPMVATN;NLVPMVATN;0.0005;24.0833;0.0005;0
0;NLVPMVATP;172_NLVPMVATP;NLVPMVATP;NLVPMVATP;0.0246;4.3081;0.0246;0
0;NLVPMVATQ;173_NLVPMVATQ;NLVPMVATQ;NLVPMVATQ;0.0034;10.9237;0.0034;0
0;NLVPMVATR;174_NLVPMVATR;NLVPMVATR;NLVPMVATR;0.0064;8.2620;0.0064;0
0;NLVPMVATS;175_NLVPMVATS;NLVPMVATS;NLVPMVATS;0.0209;4.6594;0.0209;0
0;NLVPMVATT;176_NLVPMVATT;NLVPMVATT;NLVPMVATT;0.0832;2.1556;0.0832;0
0;NLVPMVATW;177_NLVPMVATW;NLVPMVATW;NLVPMVATW;0.0195;4.8226;0.0195;0
0;NLVPMVATY;178_NLVPMVATY;NLVPMVATY;NLVPMVATY;0.0150;5.5277;0.0150;0
0;NLVPMVATV;179_NLVPMVATV;NLVPMVATV;NLVPMVATV;0.8324;0.0852;0.8324;1